Price + Delivery	Condition	Seller Information	Delivery
  401.00 | Prime : No | FREE Delivery.	New	World500 | 4 out of 5 stars  | 76% positive | 3,277 total rating	Not fulfilled by Amazon | 2-6 days
  479.00 | Prime : No | FREE Delivery. | Pay on Delivery eligible	New	BooksStation | Just Launched	Not fulfilled by Amazon | 9-14 days
  479.00 | Prime : No | FREE Delivery. | Pay on Delivery eligible	New	Book,stage | Just Launched	Not fulfilled by Amazon | 9-14 days
  479.00 | Prime : No | FREE Delivery. | Pay on Delivery eligible	New	BOOKFACTRY | 5 out of 5 stars  | 100% positive | 1 total rating	Not fulfilled by Amazon | 9-14 days
  509.00 | Prime : No | FREE Delivery.	New	MK BOOKS INDIA | 2.5 out of 5 stars  | 34% positive | 2,249 total rating	Not fulfilled by Amazon | 13-16 days
  521.13 | Prime : No | FREE Delivery. | Pay on Delivery eligible	New	Bookflow | 3.5 out of 5 stars  | 68% positive | 3,100 total rating	Not fulfilled by Amazon | 9-14 days
  443.00 | Prime : No | FREE Delivery. | Pay on Delivery eligible	New	Book Selection Centre | 4.5 out of 5 stars  | 96% positive | 136 total rating	Not fulfilled by Amazon | 3-4 days
  479.00 | Prime : No | FREE Delivery. | Pay on Delivery eligible	New	GBD BOOKS | 4 out of 5 stars  | 68% positive | 232 total rating	Not fulfilled by Amazon | 4-6 days
  499.68 | Prime : No | FREE Delivery.	New	Inetrade India | 4 out of 5 stars  | 75% positive | 3,255 total rating	Not fulfilled by Amazon | 4-8 days
  500.00 | Prime : No | FREE Delivery. | Pay on Delivery eligible	New	Skycart | 4.5 out of 5 stars  | 90% positive | 479 total rating	Not fulfilled by Amazon | 2-3 days
  497.17 | Prime : No | +   80.00 Delivery | Pay on Delivery eligible	New	ScribbleGraffito | 4.5 out of 5 stars  | 91% positive | 29 total rating	Not fulfilled by Amazon | 6-7 days
  458.00 | Prime : No | +   80.00 Delivery	New	Sunrise Book store | 3.5 out of 5 stars  | 61% positive | 1,359 total rating	Not fulfilled by Amazon | 2-6 days
  457.00 | Prime : No | +   80.00 Delivery | Pay on Delivery eligible	New	BooksRaja | 4.5 out of 5 stars  | 85% positive | 171 total rating	Not fulfilled by Amazon
  500.00 | Prime : No | +   80.00 Delivery | Pay on Delivery eligible	New	super book distributors | 5 out of 5 stars  | 100% positive | 2 total rating	Not fulfilled by Amazon | 4-6 days
  498.00 | Prime : No | +   80.00 Delivery | Pay on Delivery eligible	New	RSONS | 4.5 out of 5 stars  | 84% positive | 481 total rating	Not fulfilled by Amazon
  599.00 | Prime : No | +   80.00 Delivery | Pay on Delivery eligible	New	Maa Lalitha Book Store | Just Launched	Not fulfilled by Amazon | 3-4 days
  574.00 | Prime : No | +   80.00 Delivery	New	Book store01 | 3.5 out of 5 stars  | 57% positive. | 14 total rating	Not fulfilled by Amazon | 3-8 days
  461.23 | Prime : No | +   80.00 Delivery	New	fairdealenterprise | 2 out of 5 stars  | 25% positive | 45 total rating	Not fulfilled by Amazon | 3-8 days
  569.00 | Prime : No | +   80.00 Delivery | Pay on Delivery eligible	New	Venture360 | 3 out of 5 stars  | 52% positive | 25 total rating	Not fulfilled by Amazon | 3-4 days
  599.00 | Prime : No | +   80.00 Delivery	New	BOOKKR | 3.5 out of 5 stars  | 60% positive | 5 total rating	Not fulfilled by Amazon | 3-8 days
  539.10 | Prime : No | FREE Delivery. | Pay on Delivery eligible	New	Bookflow | 3.5 out of 5 stars  | 68% positive | 3,100 total rating	Not fulfilled by Amazon | 7-8 days
  539.10 | Prime : No | FREE Delivery.	New	Books-a-zillion | 4 out of 5 stars  | 82% positive | 89 total rating	Not fulfilled by Amazon | 18-25 days
  479.00 | Prime : No | FREE Delivery. | Pay on Delivery eligible	New	Amazing BookS | 3 out of 5 stars  | 54% positive. | 106 total rating	Not fulfilled by Amazon
  479.00 | Prime : No | FREE Delivery. | Pay on Delivery eligible	New	BW ENTERPRISES | 4 out of 5 stars  | 79% positive | 44 total rating	Not fulfilled by Amazon | 3-4 days
  599.00 | Prime : No | FREE Delivery.	New	A to Z Book House | 3 out of 5 stars  | 46% positive | 1,275 total rating	Not fulfilled by Amazon | 6-9 days
  580.00 | Prime : No | FREE Delivery.	New	The Grand_Store | 3 out of 5 stars  | 50% positive | 10 total rating	Not fulfilled by Amazon | 13-16 days
  599.00 | Prime : No | FREE Delivery.	New	SAI BOOKS | 3 out of 5 stars  | 46% positive | 181 total rating	Not fulfilled by Amazon | 2-4 days
  556.00 | Prime : No | FREE Delivery.	New	S B T books | 4.5 out of 5 stars  | 88% positive | 113 total rating	Not fulfilled by Amazon | 2-6 days
  555.00 | Prime : No | FREE Delivery.	New	W S Retaill | 3.5 out of 5 stars  | 68% positive | 34 total rating	Not fulfilled by Amazon | 3-8 days
  786.00 | Prime : No | FREE Delivery. | Pay on Delivery eligible	New	Universal Books House (P) Ltd. | 5 out of 5 stars  | 100% positive | 1 total rating	Not fulfilled by Amazon | 4-6 days
  497.17 | Prime : No | +   80.00 Delivery | Pay on Delivery eligible	New	ScribbleGraffito | 4.5 out of 5 stars  | 91% positive | 29 total rating	Not fulfilled by Amazon | 9-14 days
